id,name,t_name,is_nsfw,desc,remarks,contributor,c_id,update_times
,aaeru,阿艾尔,,,出自动漫《西蒙》,好好怪,2602,
,abandon ranka,???????蘭花,,,画师,好好怪,2501,
,aardwolf (kemono friends),土狼(兽娘动物园),,,出自动漫《兽娘动物园》,好好怪,2607,
,abara heiki,あばら へいき,,,画师,好好怪,2501,
,Abarai Renji,阿散井恋次,,,出自漫画《死神》,好好怪,2602,
,abbystea,abbystea,,,推特id,好好怪,2501,
,abe suke,abe suke,,,画师,好好怪,2501,
,abe takakazu,阿部高和,,,出自漫画《くそみそ?????》,好好怪,2602,
,abenobashi mahou shoutengai,动漫《阿倍野桥商店街》,,,,好好怪,2601,
,abigail williams (swimsuit foreigner) (first ascension) (fate),阿比盖尔·威廉姆斯(泳装降临者)(一破)(fate),,,出自FGO,好好怪,2606,
,abigail williams (swimsuit foreigner) (third ascension) (fate),阿比盖尔·威廉姆斯(泳装降临者)(三破)(fate),,,出自FGO,好好怪,2606,
,abmayo,abmayo,,,画师,好好怪,2501,
,abomasnow,暴雪王,,,出自精灵宝可梦,好好怪,2708,
,abra,凯西,,,出自精灵宝可梦,好好怪,2708,
,absinthe (arknights),苦艾,,,出自明日方舟,好好怪,2710,
,abukuma (kancolle),阿武隈号(舰队收藏),,,出自舰队收藏,好好怪,2709,
,abukuma kai ni (kancolle),阿武隈号改(舰队收藏),,,出自舰队收藏,好好怪,2709,
,accelerator (toaru majutsu no index),一方通行《魔法禁书目录》,,,出自动漫《魔法禁书目录》,好好怪,2698,
,acubi tomaranai,acubi tomaranai,,,画师微博id,好好怪,2501,
,adachi sakura,安达樱,,,出自小说《安达与岛村》,好好怪,2502,
,adachi to shimamura,安达与岛村,,,,好好怪,2502,
,adagaki aki,安达恒爱姬,,,出自《政宗君的复仇》,好好怪,2602,
,add (elsword),艾迪,,,出自艾尔之光,好好怪,2797,
,adelbert steiner,阿德尔伯特·斯坦纳,,,出自最终幻想9,好好怪,2712,
,adeleine,阿朵莱尼,,,出自星之卡比,好好怪,2796,
,adepta sororitas,战斗修女,,,出自战锤,好好怪,2797,
,adiane,流丽之阿蒂涅,,,出自天元突破,好好怪,2602,
,admiral graf spee (peaceful daily life) (azur lane),斯佩伯爵海军上将(平稳的日常)(碧蓝航线),,,出自碧蓝航线,好好怪,2703,
,admiral hipper (azur lane),西贝尔海军上将(碧蓝航线),,,出自碧蓝航线,好好怪,2703,
,admiral paru,admiral paru,,,画师,好好怪,2501,
,admire vega (umamusume),爱慕织姬(赛马娘),,,出自赛马娘,好好怪,2716,
,aegir (housamo),艾吉尔(东京放学后),,,出自东京放学后,好好怪,2602,
,agano (kancolle),阿贺野号(舰队收藏),,,出自舰队收藏,好好怪,2709,
,agnes tachyon (umamusume),爱丽速子(赛马娘),,,出自赛马娘,好好怪,2716,
,agonasubi,agonasubi_m01,,,画师,好好怪,2501,
,agrius metamorphosis,神罚的野猪,,,出自FGO,好好怪,2606,
,ahagon umiko,阿波根海子,,,出自漫画《new game!》,好好怪,2602,
,ai-chan (honkai impact),爱酱(崩坏3rd),,,出自崩坏三,好好怪,2702,
,aikatsu on parade!,偶像活动 on Parade!,,,动漫,好好怪,2601,
,aikatsu stars!,偶像活动stars!,,,动漫,好好怪,2601,
